tf,n_in,n_out,mode,tr_ret,tr_sh,tr_dd,te_ret,te_sh,te_dd
4h,10,5,long,58.51878076789987,1.4393921990013303,-33.307464476728335,-31.258631414689177,-1.302306318628074,-42.81772220954366
4h,10,5,long/short,-2.4649784288045984,0.20730497847781748,-46.528010787083694,-41.76041758561235,-1.1780133146765062,-49.473986470162245
4h,20,5,long,62.25101281507519,1.7241547879696175,-25.587429901557467,-29.711296719077296,-1.5646218385531772,-41.70671077730398
4h,20,5,long/short,13.534911622114087,0.5039719506302038,-42.55946620545576,-46.29836062971253,-1.6140042719304117,-54.31279727171281
4h,20,10,long,61.33443440503985,1.5160875609620998,-30.241353597839083,-27.353252496926437,-1.1126063861100308,-41.41001751492133
4h,20,10,long/short,-9.407228620767738,0.06779165133441084,-53.48742372976574,-34.02016807767564,-0.8294826563069624,-48.34835797164395
4h,40,5,long,63.47668431255056,2.008295456804122,-19.318718056256056,-8.954564930456165,-0.48451126307153625,-24.53625369708915
4h,40,5,long/short,5.059555528820203,0.3243018795738787,-44.610639119284045,-25.20508959700505,-0.8359273156030067,-43.74514900628272
4h,40,10,long,59.45982690368188,1.6627988325512457,-23.912630931255585,-14.38622545066055,-0.7139696926161291,-30.02183111797645
4h,40,10,long/short,-9.927992346755287,0.011733218853695642,-51.57166114541807,-19.672896484847147,-0.4353766600857858,-39.69483991256929
4h,40,20,long,71.24946721823517,1.6571602404125658,-30.77790905749399,-21.145212135314374,-0.8513439449792402,-39.716605811194874
4h,40,20,long/short,-7.267789610030173,0.11853410574039064,-54.89328996082317,-21.491316326161936,-0.37933146453459776,-42.4000096952125
4h,60,5,long,47.82654338469503,1.7895821877389007,-15.490415000442203,-10.940100527851149,-0.717885414762557,-23.94578552456006
4h,60,5,long/short,4.21853375153447,0.2938236404826116,-37.11350156627146,-20.6928096403887,-0.7500207605554441,-36.79164827206244
4h,60,10,long,46.3725980018874,1.4986551202475376,-20.114390732107324,-17.3322008802688,-1.0548083729593773,-28.507476376008977
4h,60,10,long/short,-7.671994933139247,0.019528688935184686,-45.227438368287295,-14.375138338029913,-0.33115735351688486,-36.245662712775804
4h,60,20,long,57.92102122842382,1.5275243283277138,-28.24573605954407,-22.85579327513273,-1.0823435145727698,-37.097253563647435
4h,60,20,long/short,-10.246254814428868,0.016103310738473937,-52.2544621290334,-18.16340410213052,-0.3460913981740102,-41.06991959587012
4h,100,5,long,40.31868538596832,1.6969048121428407,-13.356152548961964,2.154399052260625,0.23290294695563235,-11.86138174847644
4h,100,5,long/short,-0.8915077759069412,0.1354808929743489,-35.205035329711386,-3.3821142686960237,-0.030969913003495792,-25.066928658617105
4h,100,10,long,45.50629010654297,1.586922459120886,-16.54487841793273,-3.4383989992249897,-0.1809171896657739,-14.762357412301252
4h,100,10,long/short,-5.0708736847305484,0.05833962930577624,-38.57313942823794,4.140023447655228,0.2843768526993349,-23.84579250797906
4h,100,20,long,60.06863331928955,1.6777971138539118,-19.14964322786441,-9.330705285259278,-0.49145781144325884,-21.9097207697045
4h,100,20,long/short,-5.131035139135087,0.10494527483663135,-44.72147005272733,-1.2185435043099324,0.12747518511519315,-30.364176000256272
1D,10,5,long,42.342364602486306,1.1321221515782471,-35.990130007575836,-23.620536302632956,-1.105108991362165,-35.932916598758645
1D,10,5,long/short,-24.097312063078057,-0.3322693855852984,-58.1320500824243,-19.340343702081697,-0.32274450639445323,-32.84976218627652
1D,20,5,long,49.89317145365617,1.4137796966150022,-27.358361228400206,-11.977596240585642,-0.6669663376371384,-22.916153192128885
1D,20,5,long/short,-7.841291107623071,-0.007767796419800932,-47.72590113895422,-4.130217320455576,0.07045961935987194,-28.972038701653148
1D,20,10,long,56.83312115892307,1.3771004705422751,-32.3132366094563,-12.209859923159783,-0.47269814812696676,-27.096504595823145
1D,20,10,long/short,-4.813624868105393,0.12866009355138452,-49.59806763992337,8.447800883046796,0.4019033608376505,-27.413850994680267
1D,40,5,long,15.4647444248313,0.6988220884961244,-18.885954567344875,-7.494276774458585,-0.5582484759376409,-14.634962526861939
1D,40,5,long/short,-13.589395846216778,-0.3315763579181179,-37.038532426922735,3.6064685006982566,0.27211727611167436,-20.893377023681314
1D,40,10,long,12.912653730418345,0.555178601400545,-24.12386430605371,-6.055549261286874,-0.2614213005495502,-18.754882371139914
1D,40,10,long/short,-10.512331064541936,-0.07072456541072916,-35.86744862417955,10.355680705123515,0.4455373149719487,-24.953531520389316
1D,40,20,long,21.92184072760819,0.7170359690458692,-28.403590584300364,-2.3851408653568273,0.00022369463439412477,-25.1793600039561
1D,40,20,long/short,3.9518760478552073,0.31083454642101027,-35.160592027372594,28.767372023145743,0.7835669265916623,-25.058570706532567
1D,60,5,long,-13.450887820542857,-0.9820602729888905,-14.750796794743016,-0.7034610910412575,-0.01663273853504758,-7.258303703383917
1D,60,5,long/short,-28.684525832281484,-1.5229502875213339,-30.14391679664934,7.650052526592499,0.38765058738742686,-19.084213435680564
1D,60,10,long,-17.2536608091465,-0.9961058257601221,-21.084092203540262,1.631750727948611,0.18092674916409862,-10.52214367809593
1D,60,10,long/short,-28.62038074150506,-1.159573673277549,-34.41231436157351,8.799125586920976,0.41078862128792226,-23.50499977881454
1D,60,20,long,-8.699571712118615,-0.2514295179710931,-23.820189008283034,4.384267423561772,0.32568015157744756,-15.408124157546254
1D,60,20,long/short,-20.372032149041853,-0.5785968029476259,-35.79777138485577,21.81334726207691,0.6623320670871817,-25.369577309020396
1D,100,5,long,-6.810072010874291,-0.5994187984639612,-11.707845208187994,-1.4128351856332322,-0.2660585728521238,-5.766303229824277
1D,100,5,long/short,-22.35940463427022,-1.5163394084861643,-23.399024273511714,5.54210095138461,0.33140890436434944,-20.17053339260828
1D,100,10,long,-3.559952902051211,-0.25538641874711815,-11.392704449865143,-5.618102719443952,-0.7652946852704183,-9.514959202102869
1D,100,10,long/short,-17.317309479361576,-0.9378647008336141,-24.11058220988448,-1.6671806832413427,0.11597058702755376,-24.638725857497278
1D,100,20,long,6.008361725990619,0.3917760954318633,-13.070046423759907,-5.2776928382716415,-0.5485070029582472,-12.139302410183706
1D,100,20,long/short,-7.2609889757279555,-0.16657296217085713,-25.619884029925586,1.4414656173767026,0.22753746995890814,-26.44439175346147
