L,k,mode,total,jahre_plus,jahre,worst,best,sharpe,y2019,y2020,y2021,y2022,y2023,y2024,y2025,y2026
7,2,long,614.8099068787883,4,8,-65.0906182593374,417.2370495358968,0.7606318814465719,-31.27928744943922,203.49410594871563,417.2370495358968,-65.0906182593374,76.95328811252602,135.482338444519,-31.671810470692417,-33.3340650362078
7,2,long/short,-24.577864289721074,3,8,-19.720925372909992,32.86008936602154,-0.0020062906504678154,-4.360950113725847,-12.543923204069852,1.555027326000924,6.940941845048698,-9.581760793635652,32.86008936602154,-13.905540027541885,-19.720925372909992
7,2,reversal,-92.86074829115265,0,8,-51.24808472981135,-0.6923501039913682,-1.1937002053928496,-0.6923501039913682,-24.974367936065,-43.516481429523836,-36.33341392640833,-24.988987813900465,-51.24808472981135,-22.43665162777826,-6.059305988558938
7,3,long,1004.340639076067,4,8,-61.741018237655865,387.68840016542663,0.8391047504340029,-29.67838966949624,258.2367372016328,387.68840016542663,-61.741018237655865,76.42514467072736,144.05387925849578,-25.752708902758016,-26.50776037310758
7,3,long/short,-27.699437081140044,2,8,-16.10312270748936,29.500874328232896,-0.09481105980917662,-2.7456916201567205,-8.788882759697348,-16.10312270748936,9.620152409329009,-10.131348592336241,29.500874328232896,-10.218057289987282,-15.183776372935132
7,3,reversal,-88.24653275833866,0,8,-46.351629196985776,-1.6488780626297106,-1.2526233907205218,-1.6488780626297106,-23.193585426714016,-23.58456590898246,-34.34998080255719,-20.41443715367004,-46.351629196985776,-20.992048336503068,-8.058493360999453
14,2,long,1996.66668365615,4,8,-67.0151682343811,678.3259066566195,0.9366639740855074,-16.470763284010882,405.0758198954452,678.3259066566195,-67.0151682343811,132.57640244538715,117.02761168615092,-30.41396804369001,-44.88677403993542
14,2,long/short,94.67603905528325,6,8,-31.90345380147499,37.75677479011863,0.4600315609609957,3.362624530345215,37.75677479011863,30.761208890856338,20.50413390005559,6.229868616216749,24.389958054862326,-3.573127076064897,-31.90345380147499
14,2,reversal,-96.32662864438424,1,8,-57.47570239707205,14.708728903166278,-1.3461005673260729,-6.963161524354444,-50.23170764645213,-57.47570239707205,-40.646652241676065,-32.73654186732383,-45.229125512853685,-25.62115175222527,14.708728903166278
14,3,long,3032.9240195186962,4,8,-62.86794347688676,743.0882644660616,1.0215950781555172,-18.539138314726145,426.83231187448143,743.0882644660616,-62.86794347688676,119.66432690675882,106.61884813321683,-19.605363097637195,-36.092789091346546
14,3,long/short,27.783346681691356,6,8,-27.713481428775953,20.241870984131328,0.2657007748815597,2.2251623722059133,20.241870984131328,10.848029062036879,15.060454067288065,5.0734891407937965,9.371422971359866,-1.8811748775113712,-27.713481428775953
14,3,reversal,-91.34699948521167,1,8,-43.74219124669775,11.692734246175407,-1.2138152730107272,-5.377134762643021,-39.09433332851159,-43.74219124669775,-34.575414494587484,-27.932406972916112,-33.76458638427769,-23.48722583061954,11.692734246175407
30,2,long,678.9255784775404,5,8,-70.70395708912471,607.2585417277846,0.7732426060247869,2.1197924122846823,166.89875623908895,607.2585417277846,-70.70395708912471,84.36250061029958,120.89138315816008,-33.775050175578755,-48.857809536238605
30,2,long/short,-27.45186267953972,4,8,-38.72036500295748,19.15629638011771,0.027230846328401167,8.935586492202408,14.899406473469256,-3.8545344321850195,-10.48105658194819,9.011542530621552,19.15629638011771,-15.39631104053899,-38.72036500295748
30,2,reversal,-87.3193931995911,1,8,-43.018168940146516,30.744881243834566,-0.7156710442128891,-10.161897549792842,-37.650508566239274,-43.018168940146516,-17.54063007185881,-30.766638215431296,-40.092372152227185,-11.151950264895039,30.744881243834566
30,3,long,1558.1870558006422,4,8,-69.84052944668716,962.9798281453297,0.9032277254122429,-1.3744933613623167,187.62435414772014,962.9798281453297,-69.84052944668716,148.09435932277785,101.13791161233831,-39.4977512712662,-39.60687019223712
30,3,long/short,-7.6632261011808644,5,8,-31.469704625598794,45.02365994761553,0.09233693634429765,5.685396259384001,4.761757896330421,45.02365994761553,-14.38679364149782,18.494271221764834,5.454165549098033,-21.56071639715472,-31.469704625598794
30,3,reversal,-84.88100212675805,1,8,-56.33877013840704,20.95342634088584,-0.8579217108311434,-7.23580387794166,-27.66345153678127,-56.33877013840704,-9.30762698400086,-33.72937149395147,-28.172270804950305,-1.170475465989207,20.95342634088584
60,2,long,1838.0685564036992,4,8,-76.12541423906353,808.6688990062773,0.8076767104271134,0.0,255.7707927395445,808.6688990062773,-76.12541423906353,111.94053969501034,118.38922859953303,-9.91218545878868,-39.77926751285038
60,2,long/short,-19.919201397398247,5,8,-36.98891747811054,23.036776800195646,0.12783341815588636,0.0,16.006431913112174,12.837135543169452,-28.89923979265391,3.5544131956920966,23.036776800195646,7.176490321046858,-36.98891747811054
60,2,reversal,-99.1658145564996,2,8,-96.99236180679284,29.145892796453012,-0.5361297320915535,0.0,-37.54383052576659,-96.99236180679284,6.740464455607609,-24.95855644040923,-40.17294168004014,-28.24483707098522,29.145892796453012
60,3,long,2401.449441868474,4,8,-74.3667564798415,896.4230901060272,0.9029568552620497,0.0,249.55744976818556,896.4230901060272,-74.3667564798415,106.78769577907401,120.35018856945179,-0.599819789485978,-38.14133702998692
60,3,long/short,-2.1964173361668116,5,8,-31.80735614113467,31.877555836503845,0.14368446796400824,0.0,8.360766093327898,31.877555836503845,-31.80735614113467,9.256664688751059,6.634805540939914,22.78194507668505,-29.83947177994394
60,3,reversal,-89.03401368319032,2,8,-68.86568136946255,19.940693620219662,-0.6467612074889759,0.0,-28.817718945182257,-68.86568136946255,16.396536464256293,-25.963126450127483,-26.752409219534467,-34.643557610507045,19.940693620219662
90,2,long,1300.7167757808616,4,8,-70.08779412517929,1443.9530719029417,0.8643482205995784,0.0,55.52267283265277,1443.9530719029417,-70.08779412517929,148.01920803592895,85.88914057044525,-18.695967794887846,-47.97373354611505
90,2,long/short,37.36001443348857,4,8,-27.07419030060637,85.72118731564917,0.3001149090413154,0.0,-10.858231937321516,85.72118731564917,-20.627163925376312,18.96356902769829,7.257213610582602,12.337299348403995,-27.07419030060637
90,2,reversal,-90.25558454977404,1,8,-68.79075063926743,13.582135480996982,-0.8232722457948579,0.0,-15.007233922692764,-68.79075063926743,-2.8596631513140403,-32.48719459034687,-29.847435727309303,-29.700673403230272,13.582135480996982
90,3,long,1140.2962518828688,4,8,-72.1023620120119,1010.0672279465888,0.8472516068336616,0.0,115.50994503806015,1010.0672279465888,-72.1023620120119,96.03537472834806,135.35330873504594,-33.76314653039021,-39.1883271394869
90,3,long/short,-0.9352754249058792,4,8,-27.706801767939226,59.47272117953184,0.12897639075998846,0.0,1.2765982285106947,59.47272117953184,-24.26345509598852,7.318994323659411,12.744502017833925,-7.413294255775293,-27.706801767939226
90,3,reversal,-81.14882505695007,2,8,-58.66998792281365,17.066212824969227,-0.7258801049342682,0.0,-22.335682366404985,-58.66998792281365,5.165945435411468,-23.41461160849745,-29.11015615751963,-12.135240910599332,17.066212824969227
